poet,poem,party,birth_date_raw,death_date_raw,pub_date_raw,notes,birth_date,death_date,pub_date,birth_year,birth_decade,birth_day_of_decade,birth_ring,birth_degrees,birth_degrees_end,death_year,death_decade,death_day_of_decade,death_ring,death_degrees,pub_year,pub_decade,pub_day_of_decade,pub_ring,pub_degrees,pub_degrees_end,ongoing_begin_degrees,ongoing_end_degrees,n_rings_total
Walt Whitman,Crossing Brooklyn Ferry,II,1819/05/31,1892/03/26,1860,"Originally published in 1856 as ""Sun-Down Poem""",1819-05-31,1892-03-26,1860-01-01,1819,1810,3438,1,338.8,,1892.0,1890.0,816.0,9.0,80.3,1860,1860,1,6,0.0,36.0,,,9
Emily Dickinson,There is a solitude of space,III,1830/12/10,1886/05/15,1914,Published in unedited form in The Poems of Emily Dickinson (1955),1830-12-10,1886-05-15,1914-01-01,1830,1830,344,1,33.8,,1886.0,1880.0,2327.0,6.0,229.2,1914,1910,1462,9,144.0,180.0,,,12
Emily Dickinson,Tell all the truth but tell it slant,III,1830/12/10,1886/05/15,1945,Published in unedited form in The Poems of Emily Dickinson (1955),1830-12-10,1886-05-15,1945-01-01,1830,1830,344,1,33.8,,1886.0,1880.0,2327.0,6.0,229.2,1945,1940,1828,12,180.0,216.0,,,12
Lewis Carroll,The Walrus and the Carpenter,IV,1832/01/27,1898/01/14,1871,,1832-01-27,1898-01-14,1871-01-01,1832,1830,757,1,74.5,,1898.0,1890.0,2936.0,7.0,289.3,1871,1870,366,5,36.0,72.0,,,7
Gerard Manley Hopkins,The Windhover,I,1844/07/28,1889/06/08,1914,,1844-07-28,1889-06-08,1914-01-01,1844,1840,1671,1,164.6,,1889.0,1880.0,3447.0,5.0,339.6,1914,1910,1462,8,144.0,180.0,,,8
W. B. Yeats,Easter 1916,IV,1865/06/13,1939/01/28,1921,"Originally written in 1916, with an initial issue of 25 copies printed privately",1865-06-13,1939-01-28,1921-01-01,1865,1860,1991,1,196.1,,1939.0,1930.0,3315.0,8.0,326.7,1921,1920,367,7,36.1,72.1,,,8
W. B. Yeats,Meditations in Time of Civil War,IV,1865/06/13,1939/01/28,1928,,1865-06-13,1939-01-28,1928-01-01,1865,1860,1991,1,196.1,,1939.0,1930.0,3315.0,8.0,326.7,1928,1920,2923,7,288.0,324.0,,,8
Robert W Service,The Cremation of Sam McGee,I,1874/01/16,1958/09/11,1907,,1874-01-16,1958-09-11,1907-01-01,1874,1870,1477,1,145.5,,1958.0,1950.0,3176.0,9.0,313.0,1907,1900,2557,4,252.0,288.0,,,9
T. S. Eliot,The Love Song of J. Alfred Prufrock,IV,1888/09/26,1965/01/04,1915,Later published in Prufrock and Other Observations (1917),1888-09-26,1965-01-04,1915-01-01,1888,1880,3192,1,314.5,,1965.0,1960.0,1831.0,9.0,180.3,1915,1910,1827,4,180.0,216.0,,,9
Edna St. Vincent Millay,First Fig,II,1892/02/22,1950/10/19,1920,,1892-02-22,1950-10-19,1920-01-01,1892,1890,783,1,77.1,,1950.0,1950.0,292.0,7.0,28.7,1920,1920,1,4,0.0,36.0,,,7
Edna St. Vincent Millay,Dirge Without Music,II,1892/02/22,1950/10/19,1928,,1892-02-22,1950-10-19,1928-01-01,1892,1890,783,1,77.1,,1950.0,1950.0,292.0,7.0,28.7,1928,1920,2923,4,288.0,324.0,,,7
Dorothy Parker,News Item,III,1893/08/22,1967/06/07,1926,,1893-08-22,1967-06-07,1926-01-01,1893,1890,1330,1,131.0,,1967.0,1960.0,2715.0,8.0,267.5,1926,1920,2193,4,216.0,252.0,,,8
Dorothy Parker,Song of One of the Girls,III,1893/08/22,1967/06/07,1926,,1893-08-22,1967-06-07,1926-01-01,1893,1890,1330,1,131.0,,1967.0,1960.0,2715.0,8.0,267.5,1926,1920,2193,4,216.0,252.0,,,8
Dorothy Parker,Symptom Recital,III,1893/08/22,1967/06/07,1926,,1893-08-22,1967-06-07,1926-01-01,1893,1890,1330,1,131.0,,1967.0,1960.0,2715.0,8.0,267.5,1926,1920,2193,4,216.0,252.0,,,8
W H Auden,Compline,I,1907/02/21,1973/09/29,1955,,1907-02-21,1973-09-29,1955-01-01,1907,1900,2608,1,257.0,,1973.0,1970.0,1368.0,8.0,134.8,1955,1950,1827,6,180.0,216.0,,,8
Philip Larkin,Coming,II,1922/08/09,1985/12/02,1955,,1922-08-09,1985-12-02,1955-01-01,1922,1920,952,1,93.7,,1985.0,1980.0,2163.0,7.0,213.1,1955,1950,1827,4,180.0,216.0,,,7
Wisława Szymborska,Vietnam,III,1923/07/02,2012/02/01,1967,,1923-07-02,2012-02-01,1967-01-01,1923,1920,1279,1,125.9,,2012.0,2010.0,762.0,10.0,75.0,1967,1960,2558,5,252.0,288.0,,,10
Carolyn Kizer,Déjeuner Sur l’Herbe,II,1925/12/10,2014/10/09,Oct/Nov 1963,,1925-12-10,2014-10-09,1963-01-01,1925,1920,2171,1,213.9,,2014.0,2010.0,1743.0,10.0,171.7,1963,1960,1097,5,108.0,144.0,,,10
Frank O’Hara,Mayakovsky,IV,1926/05/27,1966/07/25,1957,,1926-05-27,1966-07-25,1957-01-01,1926,1920,2339,1,230.4,,1966.0,1960.0,2398.0,5.0,236.2,1957,1950,2558,4,252.1,288.1,,,6
Frank O’Hara,Ave Maria,II,1926/05/27,1966/07/25,1964,,1926-05-27,1966-07-25,1964-01-01,1926,1920,2339,1,230.4,,1966.0,1960.0,2398.0,5.0,236.2,1964,1960,1462,5,144.0,180.0,,,6
Frank O’Hara,Homosexuality,II,1926/05/27,1966/07/25,May 1970,,1926-05-27,1966-07-25,1970-05-01,1926,1920,2339,1,230.4,,1966.0,1960.0,2398.0,5.0,236.2,1970,1970,121,6,11.8,47.8,,,6
Allen Ginsberg,A Supermarket in California,II,1926/06/03,1997/04/05,1956,,1926-06-03,1997-04-05,1956-01-01,1926,1920,2346,1,231.1,,1997.0,1990.0,2652.0,8.0,261.3,1956,1950,2192,4,216.0,252.0,,,8
Adrienne Rich,Song,III,1929/05/16,2012/03/27,1973,,1929-05-16,2012-03-27,1973-01-01,1929,1920,3424,1,337.3,,2012.0,2010.0,817.0,10.0,80.4,1973,1970,1097,6,108.0,144.0,,,10
Charles Wright,Lives of the Saints,II,1935/08/25,,1995,Later published in Black Zodiac (1997),1935-08-25,,1995-01-01,1935,1930,2063,1,203.3,,,,,,,1995,1990,1827,7,180.0,216.0,215.9,232.4,10
Margaret Atwood,You Take My Hand,II,1939/11/18,,1971,,1939-11-18,,1971-01-01,1939,1930,3609,1,355.7,,,,,,,1971,1970,366,5,36.0,72.0,215.9,232.4,10
Robert Hass,Meditation at Lagunitas,I,1941/03/01,,1979,,1941-03-01,,1979-01-01,1941,1940,426,1,41.9,,,,,,,1979,1970,3288,4,324.0,360.0,215.9,232.4,9
Robert Hass,Spring Drawing 2,I,1941/03/01,,1989,,1941-03-01,,1989-01-01,1941,1940,426,1,41.9,,,,,,,1989,1980,3289,5,324.0,360.0,215.9,232.4,9
Sharon Olds,When They Say You Have Maybe Three Months to Live,III,1942/11/19,,2022,,1942-11-19,,2022-01-01,1942,1940,1054,1,103.8,,,,,,,2022,2020,732,9,72.0,108.0,215.9,232.4,9
Michael Ondaatje,The Cinnamon Peeler,I,1943/09/12,,1985,,1943-09-12,,1985-01-01,1943,1940,1351,1,133.0,,,,,,,1985,1980,1828,5,180.0,216.0,215.9,232.4,9
Alice Notley,At Night the States,III,1945/11/08,2025/05/19,2006,,1945-11-08,2025-05-19,2006-01-01,1945,1940,2139,1,210.7,,2025.0,2020.0,1966.0,9.0,193.6,2006,2000,2193,7,216.0,252.0,,,9
Mary Ruefle,Vapor Wake,II,1952/04/16,,May 2020,,1952-04-16,,2020-05-01,1952,1950,837,1,82.4,,,,,,,2020,2020,122,8,11.9,47.9,215.9,232.4,8
Rita Dove,American Smooth,III,1952/08/28,,2004,,1952-08-28,,2004-01-01,1952,1950,971,1,95.6,,,,,,,2004,2000,1462,6,144.0,180.0,215.9,232.4,8
Tony Hoagland,Reasons to Survive November,I,1953/11/19,2018/10/23,2003,,1953-11-19,2018-10-23,2003-01-01,1953,1950,1419,1,139.8,,2018.0,2010.0,3218.0,7.0,317.1,2003,2000,1097,6,108.0,144.0,,,7
Kim Addonizio,Stolen Moments,III,1954/07/31,,Sep 1999,,1954-07-31,,1999-09-01,1954,1950,1673,1,164.8,,,,,,,1999,1990,3531,5,348.0,384.0,215.9,232.4,8
Kim Addonizio,To the woman crying uncontrollably in the next stall,III,1954/07/31,,2021,,1954-07-31,,2021-01-01,1954,1950,1673,1,164.8,,,,,,,2021,2020,367,8,36.1,72.1,215.9,232.4,8
Richard Siken,You Are Jeff,IV,1967,,2005,,1967-01-01,,2005-01-01,1967,1960,2558,1,252.0,288.0,,,,,,2005,2000,1828,5,180.0,216.0,215.9,232.4,7
Anne Boyer,What Resembles the Grave but Isn’t,III,1973/07/26,,2013,,1973-07-26,,2013-01-01,1973,1970,1303,1,128.3,,,,,,,2013,2010,1097,5,108.0,144.0,215.9,232.4,6
Ross Gay,Catalog of Unabashed Gratitude,I,1974/08/01,,2015,,1974-08-01,,2015-01-01,1974,1970,1674,1,164.9,,,,,,,2015,2010,1827,5,180.0,216.0,215.9,232.4,6
Andrea Gibson,Tincture,III,1975/08/13,2025/07/14,2018,,1975-08-13,2025-07-14,2018-01-01,1975,1970,2051,1,202.1,,2025.0,2020.0,2022.0,6.0,199.2,2018,2010,2923,5,288.0,324.0,,,6
Patricia Lockwood,There Were No New Colors for Years,III,1982/04/27,,2014,,1982-04-27,,2014-01-01,1982,1980,848,1,83.5,,,,,,,2014,2010,1462,4,144.0,180.0,215.9,232.4,5
Hera Lindsay Byrd,Pyramid Scheme,IV,1987/12/31,,Feb 2018,,1987-12-31,,2018-02-01,1987,1980,2922,1,287.9,,,,,,,2018,2010,2954,4,291.1,327.1,215.9,232.4,5
Sarah Kay,The First Poem in the Book,IV,1988/06/19,,2014,,1988-06-19,,2014-01-01,1988,1980,3093,1,304.7,,,,,,,2014,2010,1462,4,144.0,180.0,215.9,232.4,5
p. hodges adams,My Mother,III,1997/06/30,,2024,,1997-06-30,,2024-01-01,1997,1990,2738,1,269.8,,,,,,,2024,2020,1462,4,144.0,180.0,215.9,232.4,4
